{
  "accuracy": 0.8653433600147632,
  "precision": 0.8404276208137886,
  "recall": 0.8983023179888998,
  "f1_score": 0.8684017719264628,
  "roc_auc": 0.933875492789262,
  "training_time_seconds": 24.013009309768677,
  "n_features": 24,
  "n_samples": 404606,
  "model_parameters": {
    "subsample": 0.7,
    "reg_lambda": 5.0,
    "reg_alpha": 0,
    "n_estimators": 300,
    "min_child_weight": 1,
    "max_depth": 5,
    "learning_rate": 0.1,
    "gamma": 0.2,
    "colsample_bytree": 0.7
  },
  "timestamp": "2025-12-12 21:42:02"
}