Model,Train Accuracy,Validation Accuracy,Validation Precision,Validation Recall,Validation F1-Score,Validation ROC-AUC,Training Time (s)
Logistic Regression,0.5669575146625452,0.5690855773639092,0.5595161081640574,0.605089637079143,0.5814111774937609,0.5982695776704265,18.313833713531494
Decision Tree,0.7024296284335154,0.6959507971246421,0.7051984348798211,0.6619676432006996,0.6828995444088592,0.7735684611803751,1.6688008308410645
Random Forest,0.8354680768853697,0.8272190168075223,0.8248144590936872,0.8261128115435068,0.8254631247815449,0.9078972317691001,38.28754901885986
XGBoost,0.860078661599414,0.846716780706383,0.8302945066720244,0.8673546130301705,0.8484200441395356,0.9220829618829244,6.2720701694488525
